Company,Type,Series,URL,B2B vs B2C,Location,Status,Assignee
Vispeek,325d,INV5240,,,,Incorrect Series,
Cobrief,681t,TIC448,,,,Incorrect Type,
Simployer Norge,4800a,TIC442,,,,Incorrect Series,
Maprova,685s,INV555,,,,Incorrect Type,
1080 Coaching,681t,TIC552,,,,Incorrect Type,
Serverpod,4800a,TIC520,,,,Incorrect Series,
Align Studio,685s,INV4340,,,,Incorrect Type,
webscout.io,685s,INV546,,,,Incorrect Type,
Aava AI,685s,TIC577,,,,Incorrect Type,
Hyphen,685s,TIC403,,,,Incorrect Type,
Surge,4800a,TIC458,,,,Incorrect Series,
Limited Resell,501c,INV4090,,,,Incorrect Series,
Pledger,4800a,TIC492,,,,Incorrect Series,
Standish,4800a,,,,,Incorrect Series,
MS¬≤ technologies,501c,TIC559,,,,Incorrect Series,
Fluent Academy,685s,TIC5240,,,,Incorrect Type,
Miage Environnement,685s,INV593,,,,Incorrect Type,
Veeton,681t,INV500,,,,Incorrect Type,
Bombini,681t,TIC469,,,,Incorrect Type,
Women in Big Data,681t,INV574,,,,Incorrect Type,
AP-HP,681t,INV589,,,,Incorrect Type,
MBA Ventures,325d,INV4510,,,,Incorrect Series,
Agorize,501c,INV5800,,,,Incorrect Series,
Data Shepherd FR,325d,TIC419,,,,Incorrect Series,
Maki People,501c,TIC503,,,,Incorrect Series,
JOGA,4800a,INV5540,,,,Incorrect Series,
KANO Consulting,325d,TIC4770,,,,Incorrect Series,
AIRMO,685s,TIC497,,,,Incorrect Type,
Pharma Service AG,325d,INV5300,,,,Incorrect Series,
RADIX,4800a,TIC455,,,,Incorrect Series,
Milia Gin,685s,INV559,,,,Incorrect Type,
Findistra Management AB,4800a,TIC552,,,,Incorrect Series,
Aglide,4800a,INV4430,,,,Incorrect Series,
Smashing Plates,685s,TIC439,,,,Incorrect Type,
Five Fields,501c,TIC551,,,,Incorrect Series,
Meta Frontier Capital,681t,TIC487,,,,Incorrect Type,
Brompton Industries,325d,INV5140,,,,Incorrect Series,
Full Cycle Analytics,4800a,TIC544,,,,Incorrect Series,
Huscle Inc.,501c,INV5550,,,,Incorrect Series,
FinTech Growth Fund,4800a,TIC511,,,,Incorrect Series,
ASAO DS,501c,TIC411,,,,Incorrect Series,
Workwell PCS,685s,INV509,,,,Incorrect Type,
Benton Creative,4800a,INV5150,,,,Incorrect Series,
Klyk,4800a,TIC537,,,,Incorrect Series,
Golden Acorn Financial Planning,4800a,INV5640,,,,Incorrect Series,
OvernightSite,325d,TIC463,,,,Incorrect Series,
All Markets,685s,TIC589,,,,Incorrect Type,
Qarik Group,325d,TIC464,,,,Incorrect Series,
Lambdaflow,685s,INV525,,,,Incorrect Type,
Checkout.com,4800a,TIC480,,,,Incorrect Series,
Riple,681t,INV407,,,,Incorrect Type,
Water2,325d,INV529,,,,Assigned,John Smith
Version Lens,501c,INV513,,,,Assigned,Mabel Lee
Cargoloc,325d,INV414,,,,Assigned,Jan Nov√°k
LinkApp - Linking people together,4800a,INV413,,,,Assigned,Navn Navnesen
ekonoo,4800a,INV483,,,,Assigned,Zhang San
Efficiently,325d,INV593,,,,Assigned,John Smith
ESP√â,4800a,INV479,,,,Assigned,Mabel Lee
COMA.SITE,4800a,INV468,,,,Assigned,Jan Nov√°k
Ungana,325d,INV555,,,,Assigned,Navn Navnesen
Gridicity,4800a,INV457,,,,Assigned,Zhang San
Cession Makers,4800a,INV597,,,,Assigned,John Smith
vektIQ,501c,INV520,,,,Assigned,Mabel Lee
Wing Legal,4800a,INV580,,,,Assigned,Jan Nov√°k
WEBOAF,501c,INV422,,,,Assigned,Navn Navnesen
McKinsey & Company,501c,INV416,,,,Assigned,Zhang San
OpalFlow,325d,INV425,,,,Assigned,John Smith
Loomis,501c,INV462,,,,Assigned,Mabel Lee
Mosaic,501c,INV589,,,,Assigned,Jan Nov√°k
Prolong,325d,INV594,,,,Assigned,Navn Navnesen
Stealth Fintech,325d,INV491,,,,Assigned,Zhang San
Zalmira,325d,INV539,,,,Assigned,John Smith
KPI Elevate,325d,INV409,,,,Assigned,Mabel Lee
KALAE,325d,INV530,,,,Assigned,Jan Nov√°k
Butterfly,501c,INV567,,,,Assigned,Navn Navnesen
Nordat.ai,4800a,INV557,,,,Assigned,Zhang San
Ledgy,325d,INV482,,,,Assigned,John Smith
Stealth Startup,4800a,INV424,,,,Assigned,Mabel Lee
T3N Sport & Investment,501c,INV489,,,,Assigned,Jan Nov√°k
Zukunftsarchitekten & Du,501c,INV594,,,,Assigned,Navn Navnesen
Chorus Capital,4800a,INV581,,,,Assigned,Zhang San
SANTAFOO,325d,INV544,,,,Assigned,John Smith
The LEAD Network,501c,INV458,,,,Assigned,Mabel Lee
Cardboard,325d,INV486,,,,Assigned,Jan Nov√°k
Investlingo,4800a,INV524,,,,Assigned,Navn Navnesen
Zanista.AI,4800a,INV528,,,,Assigned,Zhang San
MyEpi,325d,INV545,,,,Assigned,John Smith
Pareto Securities,501c,INV435,,,,Assigned,Mabel Lee
TryOns,501c,INV543,,,,Assigned,Jan Nov√°k
Leja Technologies,4800a,INV484,,,,Assigned,Navn Navnesen
Les Ateliers digitaux Eazannadje,501c,INV486,,,,Assigned,Zhang San
BecauseSheCan,501c,INV520,,,,Assigned,John Smith
Lumera,501c,INV555,,,,Assigned,Mabel Lee
CAURUS Technologies,325d,INV581,,,,Assigned,Jan Nov√°k
myProtocol,325d,INV543,,,,Assigned,Navn Navnesen
AlphaGrowth_xyz,4800a,INV494,,,,Assigned,Zhang San
kokpits,501c,INV446,,,,Assigned,John Smith
Heptalytics,4800a,INV412,,,,Assigned,Mabel Lee
University of Cambridge,4800a,INV513,,,,Assigned,Jan Nov√°k
Cerbos,325d,INV554,,,,Assigned,Navn Navnesen
Nifby,325d,INV475,,,,Assigned,Zhang San
Micheli Lift Consult GmbH,325d,INV494,,,,Assigned,John Smith
DaxMedia ApS,501c,INV489,,,,Assigned,Mabel Lee
Circulaire,325d,INV569,,,,Assigned,Jan Nov√°k
Otium Capital,501c,INV459,,,,Assigned,Navn Navnesen
TinkerIT,4800a,INV425,,,,Assigned,Zhang San
Paraspara,501c,INV528,,,,Assigned,John Smith
Stealth Startup,325d,INV450,,,,Assigned,Mabel Lee
Kognic,325d,INV420,,,,Assigned,Jan Nov√°k
Udviklings- og Forenklingsstyrelsen,4800a,INV536,,,,Assigned,Navn Navnesen
Bit & Dat,501c,INV420,,,,Assigned,Zhang San
EY,325d,INV558,,,,Assigned,John Smith
AppThreat,4800a,INV475,,,,Assigned,Mabel Lee
spektr (still in stealth),501c,INV584,,,,Assigned,Jan Nov√°k
Spotify,4800a,INV506,,,,Assigned,Navn Navnesen
Green Legacy,325d,INV419,,,,Assigned,Zhang San
Orus Energy,325d,INV461,,,,Assigned,John Smith
Scalable CFO,4800a,INV409,,,,Assigned,Mabel Lee
Augmetec,4800a,INV514,,,,Assigned,Jan Nov√°k
Maayan payments,4800a,INV501,,,,Assigned,Navn Navnesen
Animaj,4800a,INV482,,,,Assigned,Zhang San
TrinityHawk,501c,INV444,,,,Assigned,John Smith
Domaine de Lignerolles,501c,INV449,,,,Assigned,Mabel Lee
Walor,501c,INV429,,,,Assigned,Jan Nov√°k
Welance Conseil,325d,INV503,,,,Assigned,Navn Navnesen
Beekle,4800a,INV507,,,,Assigned,Zhang San
Save the Children International,325d,INV578,,,,Assigned,John Smith
Ithaque,501c,INV457,,,,Assigned,Mabel Lee
Entrepreneur First,4800a,INV439,,,,Assigned,Jan Nov√°k
Graend by Hellon,325d,INV464,,,,Assigned,Navn Navnesen
Code of Alfred,501c,INV532,,,,Assigned,Zhang San
Biner.ai,501c,INV452,,,,Assigned,John Smith
SecondStar,325d,INV445,,,,Assigned,Mabel Lee
Elyn,501c,INV482,,,,Assigned,Jan Nov√°k
Livv Health,501c,INV423,,,,Assigned,Navn Navnesen
Prisma Advisory,4800a,INV482,,,,Assigned,Zhang San
Notion Capital,501c,INV502,,,,Assigned,John Smith
ETH Z√ºrich,4800a,INV580,,,,Assigned,Mabel Lee
Bridgewise,4800a,INV457,,,,Assigned,Jan Nov√°k
Degura GmbH,325d,INV497,,,,Assigned,Navn Navnesen
Otsuka Pharmaceutical Companies (U.S.),325d,INV589,,,,Assigned,Zhang San
Logiadapt',501c,INV589,,,,Assigned,John Smith
managetopia x GmbH,501c,INV547,,,,Assigned,Mabel Lee
Forloop.ai,325d,INV420,,,,Assigned,Jan Nov√°k
Qonto,501c,INV473,,,,Assigned,Navn Navnesen
Surfy¬∞,4800a,INV484,,,,Assigned,Zhang San
Jadwa Investment,501c,INV516,,,,Assigned,John Smith
Domelior,325d,INV571,,,,Assigned,Mabel Lee
London Ethno-Tech Collective,501c,INV454,,,,Assigned,Jan Nov√°k
Altruistiq,325d,INV580,,,,Assigned,Navn Navnesen
impactify,501c,INV599,,,,Assigned,Zhang San
SyOps Limited,501c,INV563,,,,Assigned,John Smith
CXFacts,325d,INV477,,,,Assigned,Mabel Lee
Valon,501c,INV597,,,,Assigned,Jan Nov√°k
Zonova Animal Health Ltd,325d,INV556,,,,Assigned,Navn Navnesen
NOWLE,4800a,INV448,,,,Assigned,Zhang San
Mazars,325d,INV596,,,,Assigned,John Smith
Swiss Luxury Agency,501c,INV435,,,,Assigned,Mabel Lee
SAI-Intelligence,4800a,INV406,,,,Assigned,Jan Nov√°k
Day1Sport Studios,4800a,INV585,,,,Assigned,Navn Navnesen
Effective Change,501c,INV487,,,,Assigned,Zhang San
Voicify AI,325d,INV409,,,,Assigned,John Smith
Nyota,501c,INV489,,,,Assigned,Mabel Lee
LinkedIn,501c,INV541,,,,Assigned,Jan Nov√°k
Stealth,325d,INV558,,,,Assigned,Navn Navnesen
Pasyc,325d,INV426,,,,Assigned,Zhang San
Fractile,4800a,INV470,,,,Assigned,John Smith
Beside me,4800a,INV468,,,,Assigned,Mabel Lee
Valused,501c,INV411,,,,Assigned,Jan Nov√°k
Lulo Invest,325d,INV470,,,,Assigned,Navn Navnesen
Jagtbasen,325d,INV597,,,,Assigned,Zhang San
Wakaru,4800a,INV508,,,,Assigned,John Smith
MyLittleBot,4800a,INV583,,,,Assigned,Mabel Lee
Gumbo,501c,INV499,,,,Assigned,Jan Nov√°k
Elements Talent Consultancy,325d,INV430,,,,Assigned,Navn Navnesen
CAMELOT Management Consultants,4800a,INV529,,,,Assigned,Zhang San
illumion,4800a,INV507,,,,Assigned,John Smith
Ballistic Pork,501c,INV534,,,,Assigned,Mabel Lee
Hektar,325d,INV470,,,,Assigned,Jan Nov√°k
Great Yellow,325d,INV485,,,,Assigned,Navn Navnesen
Oxford Founders Society,325d,INV568,,,,Assigned,Zhang San
Ubique,501c,INV542,,,,Assigned,John Smith
Inflow Partnership,501c,INV474,,,,Assigned,Mabel Lee
Overscale Solutions Oy,4800a,INV510,,,,Assigned,Jan Nov√°k
EchoTrade,325d,INV496,,,,Assigned,Navn Navnesen
Eagle Solutions,325d,INV445,,,,Assigned,Zhang San
Convention des Entreprises pour le Climat,4800a,INV585,,,,Assigned,John Smith
CANAL+ Group,325d,INV582,,,,Assigned,Mabel Lee
AudioStrip,4800a,INV547,,,,Assigned,Jan Nov√°k
Ballistic Pork,4800a,INV428,,,,Assigned,Navn Navnesen
CAPSMARK,4800a,INV508,,,,Assigned,Zhang San
Red Rover Interactive,501c,INV424,,,,Assigned,John Smith
Aux Perch√©s,501c,INV539,,,,Assigned,Mabel Lee
VR2all,325d,INV409,,,,Assigned,Jan Nov√°k
Gekko,325d,INV540,,,,Assigned,Navn Navnesen
BeWe,501c,INV545,,,,Assigned,Zhang San
Holis.co,325d,INV573,,,,Assigned,John Smith
Upside.gg,4800a,INV461,,,,Assigned,Mabel Lee
N√âA,4800a,INV428,,,,Assigned,Jan Nov√°k
mote.consulting,325d,INV518,,,,Assigned,Navn Navnesen
Akari Trading,501c,INV520,,,,Assigned,Zhang San
Decentralized Fund,4800a,INV573,,,,Assigned,John Smith
throxy,4800a,INV587,,,,Assigned,Mabel Lee
Salesforce,325d,INV533,,,,Assigned,Jan Nov√°k
remote.aero,325d,INV536,,,,Assigned,Navn Navnesen
Arctic Animal Oy,501c,INV505,,,,Assigned,Zhang San
Multigate,325d,INV570,,,,Assigned,John Smith
Proppl,501c,INV489,,,,Assigned,Mabel Lee
OrthographIQ,4800a,INV564,,,,Assigned,Jan Nov√°k
TreQ,325d,INV590,,,,Assigned,Navn Navnesen
twig,501c,INV471,,,,Assigned,Zhang San
CGI Business Consulting,4800a,INV590,,,,Assigned,John Smith
Tesla,501c,INV416,,,,Assigned,Mabel Lee
PwC UK,501c,INV459,,,,Assigned,Jan Nov√°k
Entrepreneur First,501c,INV584,,,,Assigned,Navn Navnesen
HSO,4800a,INV516,,,,Assigned,Zhang San
Imperial College Women & Non-Binary Individuals in Computing,4800a,INV519,,,,Assigned,John Smith
Matricis.ai,325d,INV584,,,,Assigned,Mabel Lee
ZINC,4800a,INV412,,,,Assigned,Jan Nov√°k
D Agency,4800a,INV478,,,,Assigned,Navn Navnesen
MCD Capital,4800a,INV445,,,,Assigned,Zhang San
Boards on Fire,501c,INV505,,,,Assigned,John Smith
Phagos,501c,INV404,,,,Assigned,Mabel Lee
Happiworkers,4800a,INV596,,,,Assigned,Jan Nov√°k
Orbitti Oy,4800a,INV414,,,,Assigned,Navn Navnesen
Tacto,325d,INV561,,,,Assigned,Zhang San
ALPConsulting,4800a,INV440,,,,Assigned,John Smith
Pan Games,4800a,INV494,,,,Assigned,Mabel Lee
IMPACT Commerce,501c,INV406,,,,Assigned,Jan Nov√°k
Skyra.no,325d,INV500,,,,Assigned,Navn Navnesen
muchbetter,325d,INV445,,,,Assigned,Zhang San
PowerBlocks,325d,INV528,,,,Assigned,John Smith
Skya,501c,INV511,,,,Assigned,Mabel Lee
Cence,501c,INV475,,,,Assigned,Jan Nov√°k
Orbitti Oy,4800a,INV563,,,,Assigned,Navn Navnesen
aLp. Consulting,325d,INV525,,,,Assigned,Zhang San
Vinetribe,501c,INV478,,,,Assigned,John Smith
Likeo,4800a,INV419,,,,Assigned,Mabel Lee
coordi,501c,INV486,,,,Assigned,Jan Nov√°k
ODA - Women in Tech Network,4800a,INV436,,,,Assigned,Navn Navnesen
Antler,325d,INV536,,,,Assigned,Zhang San
JULIENNE BRUNO¬Æ,501c,INV594,,,,Assigned,John Smith
BNI Espa√±a SLC,325d,INV457,,,,Assigned,Mabel Lee
Phaze bike,4800a,INV456,,,,Assigned,Jan Nov√°k
Rebrew,325d,INV539,,,,Assigned,Navn Navnesen
Spheres,4800a,INV444,,,,Assigned,Zhang San
Aira,4800a,INV515,,,,Assigned,John Smith
Balanced France,325d,INV600,,,,Assigned,Mabel Lee
Revibe,325d,INV503,,,,Assigned,Jan Nov√°k
Studio Fugu,501c,INV569,,,,Assigned,Navn Navnesen
fuse,325d,INV478,,,,Assigned,Zhang San
Thread Innovation,501c,INV552,,,,Assigned,John Smith
YOUR BEET,4800a,INV422,,,,Assigned,Mabel Lee
Vaisselle Ch√©rie,4800a,INV434,,,,Assigned,Jan Nov√°k
Oma Care,325d,INV502,,,,Assigned,Navn Navnesen
Dhala Cyberd√©fense - Partenaire Cybers√©curit√© des PME.,325d,INV449,,,,Assigned,Zhang San
treefera,4800a,INV546,,,,Assigned,John Smith
Zukunftsarchitekten & Du,4800a,INV446,,,,Assigned,Mabel Lee
some frogs,4800a,INV493,,,,Assigned,Jan Nov√°k
Somnology,501c,INV480,,,,Assigned,Navn Navnesen
plinth,501c,INV507,,,,Assigned,Zhang San
Sentimenta.io,4800a,INV430,,,,Assigned,John Smith
Alan,501c,INV513,,,,Assigned,Mabel Lee
ESG Stream,325d,INV457,,,,Assigned,Jan Nov√°k
The Gang,4800a,INV416,,,,Assigned,Navn Navnesen
Boxio.ai,501c,INV481,,,,Assigned,Zhang San
Infor,325d,INV402,,,,Assigned,John Smith
Mako Trading,4800a,INV543,,,,Assigned,Mabel Lee
The Reg3 Conference,4800a,INV449,,,,Assigned,Jan Nov√°k
HashblockResearch,4800a,INV422,,,,Assigned,Navn Navnesen
Ripple,325d,INV557,,,,Assigned,Zhang San
Sistren,501c,INV478,,,,Assigned,John Smith
Hubflo,325d,INV412,,,,Assigned,Mabel Lee
Papap√©ro,4800a,INV493,,,,Assigned,Jan Nov√°k
Tilt,4800a,INV505,,,,Assigned,Navn Navnesen
Gallant Finland,4800a,INV600,,,,Assigned,Zhang San
EY,325d,INV523,,,,Assigned,John Smith
MetaVoice,501c,INV436,,,,Assigned,Mabel Lee
The Digital Leaders Fund,325d,INV403,,,,Assigned,Jan Nov√°k
Osirion,4800a,INV563,,,,Assigned,Navn Navnesen
ECEMA,501c,INV487,,,,Assigned,Zhang San
COM√âTE,4800a,INV484,,,,Assigned,John Smith
Netlight,325d,INV458,,,,Assigned,Mabel Lee
STEMaccess,325d,INV562,,,,Assigned,Jan Nov√°k
Ember Paw Games,4800a,INV502,,,,Assigned,Navn Navnesen
Antler,4800a,INV588,,,,Assigned,Zhang San
Coiniverse,4800a,INV416,,,,Assigned,John Smith
Evercontent,4800a,INV460,,,,Assigned,Mabel Lee
Unity,4800a,INV423,,,,Assigned,Jan Nov√°k
BiteLabs Healthtech,501c,INV534,,,,Assigned,Navn Navnesen
FBS-Systems,325d,INV456,,,,Assigned,Zhang San
Pegasus Academy,501c,INV450,,,,Assigned,John Smith
kalm*,4800a,INV453,,,,Assigned,Mabel Lee
Juicebox,4800a,INV406,,,,Assigned,Jan Nov√°k
ICARE,4800a,INV499,,,,Assigned,Navn Navnesen
Victeris,501c,INV492,,,,Assigned,Zhang San
Stealth Startup,4800a,INV531,,,,Assigned,John Smith
Maison Cuilleret,501c,INV464,,,,Assigned,Mabel Lee
ALTEN,501c,INV523,,,,Assigned,Jan Nov√°k
Infusee,325d,INV453,,,,Assigned,Navn Navnesen
WeVee¬Æ Technologies Ltd,325d,INV560,,,,Assigned,Zhang San
J2-Reliance Ltd,501c,INV565,,,,Assigned,John Smith
Groupe BPCE,501c,INV590,,,,Assigned,Mabel Lee
Heverton Partners,325d,INV499,,,,Assigned,Jan Nov√°k
Carpoll,325d,INV513,,,,Assigned,Navn Navnesen
NOCHES AI,325d,INV432,,,,Assigned,Zhang San
MYTTRA,501c,INV425,,,,Assigned,John Smith
Skillfinder AI,325d,INV411,,,,Assigned,Mabel Lee
Boonty,4800a,INV411,,,,Assigned,Jan Nov√°k
Tangent,4800a,INV529,,,,Assigned,Navn Navnesen
TastyUrban,325d,INV527,,,,Assigned,Zhang San
Aventus Network,325d,INV546,,,,Assigned,John Smith
Formed.fi,4800a,INV430,,,,Assigned,Mabel Lee
Deepen,501c,INV512,,,,Assigned,Jan Nov√°k
Sana,325d,INV523,,,,Assigned,Navn Navnesen
Restart Career GmbH,325d,INV420,,,,Assigned,Zhang San
Applai,325d,INV500,,,,Assigned,John Smith
Wave Photonics,501c,INV585,,,,Assigned,Mabel Lee
MEANING AT WORK,501c,INV568,,,,Assigned,Jan Nov√°k
Promaps Technology AS,501c,INV407,,,,Assigned,Navn Navnesen
Compass Labs,501c,INV512,,,,Assigned,Zhang San
New Change FX,4800a,INV586,,,,Assigned,John Smith
EXPLORING THE PASSION,4800a,INV467,,,,Assigned,Mabel Lee
NotSoLiquid,325d,INV543,,,,Assigned,Jan Nov√°k
Bowld,4800a,INV440,,,,Assigned,Navn Navnesen
University of Oxford,325d,INV573,,,,Assigned,Zhang San
Winedrops,501c,INV445,,,,Assigned,John Smith
Cowlabs,501c,INV428,,,,Assigned,Mabel Lee
Tokenshelf GmbH,4800a,INV549,,,,Assigned,Jan Nov√°k
S+SWLAB,4800a,INV585,,,,Assigned,Navn Navnesen
Quantum Gnomes,4800a,INV557,,,,Assigned,Zhang San
Em√®tis RH,501c,INV559,,,,Assigned,John Smith
Red Reconciliation,325d,INV554,,,,Assigned,Mabel Lee
SkillScout,4800a,INV573,,,,Assigned,Jan Nov√°k
Dattak,501c,INV580,,,,Assigned,Navn Navnesen
Berry Health,325d,INV426,,,,Assigned,Zhang San
NEOM,501c,INV437,,,,Assigned,John Smith
Smart2nd,501c,INV552,,,,Assigned,Mabel Lee
Bomoz,325d,INV596,,,,Assigned,Jan Nov√°k
Spindogs,325d,INV465,,,,Assigned,Navn Navnesen
MAISON MAG,325d,INV424,,,,Assigned,Zhang San
The SaaS Sales Advisor,325d,INV545,,,,Assigned,John Smith
RangePlus Fulfilment,4800a,INV556,,,,Assigned,Mabel Lee
Outspire Foundry,501c,INV413,,,,Assigned,Jan Nov√°k
NICE RICE,325d,INV540,,,,Assigned,Navn Navnesen
AdScribe,501c,INV506,,,,Assigned,Zhang San
Neste,325d,INV476,,,,Assigned,John Smith
Novartis,325d,INV552,,,,Assigned,Mabel Lee
TrackPaw Scientific AB,325d,INV597,,,,Assigned,Jan Nov√°k
akirolabs,4800a,INV523,,,,Assigned,Navn Navnesen
Airwallet,501c,INV466,,,,Assigned,Zhang San
Vasco,501c,INV446,,,,Assigned,John Smith
Mozart AI,325d,INV407,,,,Assigned,Mabel Lee
StockRx,501c,INV588,,,,Assigned,Jan Nov√°k
Orb,325d,INV429,,,,Assigned,Navn Navnesen
dotflow,325d,INV577,,,,Assigned,Zhang San
Coursensu,4800a,INV567,,,,Assigned,John Smith
Ai4Growth,4800a,INV600,,,,Assigned,Mabel Lee
L.E.K. Consulting,501c,INV586,,,,Assigned,Jan Nov√°k
The Trailblazer,4800a,INV537,,,,Assigned,Navn Navnesen
Packar,325d,INV500,,,,Assigned,Zhang San
Ambio,325d,INV417,,,,Assigned,John Smith
Blue Summit Education,501c,INV587,,,,Assigned,Mabel Lee
Verhaert | Masters in Innovation,501c,INV401,,,,Assigned,Jan Nov√°k
Squarelia,4800a,INV533,,,,Assigned,Navn Navnesen
AFL Diversity,325d,INV526,,,,Assigned,Zhang San
Ericsson,4800a,INV472,,,,Assigned,John Smith
MyFetch,325d,INV542,,,,Assigned,Mabel Lee
Volund Consulting,4800a,INV521,,,,Assigned,Jan Nov√°k
impactify,4800a,INV413,,,,Assigned,Navn Navnesen
Exevion,4800a,INV547,,,,Assigned,Zhang San
Monster Playable,4800a,INV494,,,,Assigned,John Smith
All Baby,4800a,INV559,,,,Assigned,Mabel Lee
Teshome Alliance,501c,INV420,,,,Assigned,Jan Nov√°k
mkodo,4800a,INV448,,,,Assigned,Navn Navnesen
Atiom,501c,INV590,,,,Assigned,Zhang San
Datayoyo,325d,INV593,,,,Assigned,John Smith
Incubateur Manufactory - Centre d'Entrepreneuriat Lyon Saint-Etienne,4800a,INV536,,,,Assigned,Mabel Lee
Riviera Radio,501c,INV445,,,,Assigned,Jan Nov√°k
Ascend Ventures,501c,INV526,,,,Assigned,Navn Navnesen
Futurice,325d,INV414,,,,Assigned,Zhang San
Clio,325d,INV537,,,,Assigned,John Smith
Microsoft,501c,INV414,,,,Assigned,Mabel Lee
Aesthetic Matrix,325d,INV464,,,,Assigned,Jan Nov√°k
Enpal,325d,INV497,,,,Assigned,Navn Navnesen
Ashore,325d,INV529,,,,Assigned,Zhang San
Knowingly,501c,INV538,,,,Assigned,John Smith
Zurich Insurance Company Ltd,4800a,INV538,,,,Assigned,Mabel Lee
AccelerateurM,325d,INV549,,,,Assigned,Jan Nov√°k
BlueStone Partners,4800a,INV502,,,,Assigned,Navn Navnesen
Talent Seed,325d,INV578,,,,Assigned,Zhang San
THIS Labs,325d,INV413,,,,Assigned,John Smith
The Medic Circle,325d,INV427,,,,Assigned,Mabel Lee
Trazas,501c,INV491,,,,Assigned,Jan Nov√°k
Backstop Solutions Group,501c,INV552,,,,Assigned,Navn Navnesen
London Blockchain Labs (LBL),501c,INV419,,,,Assigned,Zhang San
Plaace,325d,INV428,,,,Assigned,John Smith
Statement,325d,INV424,,,,Assigned,Mabel Lee
Glaz Enr,325d,INV431,,,,Assigned,Jan Nov√°k
CAVE Conference,325d,INV440,,,,Assigned,Navn Navnesen
Entrepreneur First,325d,INV552,,,,Assigned,Zhang San
AIU Academy,4800a,INV534,,,,Assigned,John Smith
Sunlight.io,4800a,INV574,,,,Assigned,Mabel Lee
Brainstorm Newsletter,4800a,INV524,,,,Assigned,Jan Nov√°k
Quick,501c,INV475,,,,Assigned,Navn Navnesen
elsa.care,501c,INV400,,,,Assigned,Zhang San
Pharmaweed Pro,501c,INV599,,,,Assigned,John Smith
APEROLOGY,325d,INV467,,,,Assigned,Mabel Lee
Homaio,4800a,INV497,,,,Assigned,Jan Nov√°k
Tarleton Communications,4800a,INV527,,,,Assigned,Navn Navnesen
SquirrelAI,325d,INV447,,,,Assigned,Zhang San
WeCare ET,501c,INV419,,,,Assigned,John Smith
T-Therapeutics Ltd,501c,INV536,,,,Assigned,Mabel Lee
Gunna Drinks Ltd,4800a,INV408,,,,Assigned,Jan Nov√°k
Requesty,501c,INV437,,,,Assigned,Navn Navnesen
Golden Bonsai GmbH,501c,INV403,,,,Assigned,Zhang San
Azonto,501c,INV544,,,,Assigned,John Smith
Techstars,4800a,INV484,,,,Assigned,Mabel Lee
Optistream,4800a,INV492,,,,Assigned,Jan Nov√°k
Feldwerke,4800a,INV417,,,,Assigned,Navn Navnesen
Equinoxe,501c,INV512,,,,Assigned,Zhang San
AnnexusPartners,4800a,INV509,,,,Assigned,John Smith
Paatch,325d,INV547,,,,Assigned,Mabel Lee
Woodpecker.co,325d,INV544,,,,Assigned,Jan Nov√°k
RE.avecvous,325d,INV475,,,,Assigned,Navn Navnesen
Junction,501c,INV488,,,,Assigned,Zhang San
collectivehood,4800a,INV402,,,,Assigned,John Smith
Zola Analytics,4800a,INV500,,,,Assigned,Mabel Lee
Green Heart Collective,325d,INV523,,,,Assigned,Jan Nov√°k
Zoe Care,4800a,INV585,,,,Assigned,Navn Navnesen
Otto,501c,INV593,,,,Assigned,Zhang San
University of St.Gallen,325d,INV578,,,,Assigned,John Smith
Morg&Co,501c,INV507,,,,Assigned,Mabel Lee
Studio Lior,501c,INV575,,,,Assigned,Jan Nov√°k
Aliya Capital,4800a,INV483,,,,Assigned,Navn Navnesen
Alfeor,501c,INV534,,,,Assigned,Zhang San
EVolution Therapeutics,4800a,INV505,,,,Assigned,John Smith
Squrio Games,501c,INV525,,,,Assigned,Mabel Lee
Oxford Venture Capital Network,501c,INV546,,,,Assigned,Jan Nov√°k
branchly,4800a,INV517,,,,Assigned,Navn Navnesen
PERmute,325d,INV531,,,,Assigned,Zhang San
Spheres,4800a,INV453,,,,Assigned,John Smith
English Connection,4800a,INV556,,,,Assigned,Mabel Lee
Matching (Data for Finance),501c,INV527,,,,Assigned,Jan Nov√°k
Sania Therapeutics,325d,INV483,,,,Assigned,Navn Navnesen
MediRapp AG,4800a,INV551,,,,Assigned,Zhang San
H*LD Self-Storage,501c,INV542,,,,Assigned,John Smith
UMANO,325d,INV600,,,,Assigned,Mabel Lee
McKinsey & Company,4800a,INV449,,,,Assigned,Jan Nov√°k
MULTIOWL UG (haftungsbeschr√§nkt),4800a,INV434,,,,Assigned,Navn Navnesen
Maavee,4800a,INV590,,,,Assigned,Zhang San
Google,4800a,INV425,,,,Assigned,John Smith
Bain & Company,501c,INV481,,,,Assigned,Mabel Lee
Womco,4800a,INV407,,,,Assigned,Jan Nov√°k
HyLight,325d,INV479,,,,Assigned,Navn Navnesen
Fair&Smart,325d,INV489,,,,Assigned,Zhang San
Uncover Consulting,4800a,INV445,,,,Assigned,John Smith
Mansart Homes,4800a,INV460,,,,Assigned,Mabel Lee
L'√âtincelle,501c,INV600,,,,Assigned,Jan Nov√°k
Kotini,325d,INV537,,,,Assigned,Navn Navnesen
spektr (still in stealth),501c,INV591,,,,Assigned,Zhang San
DolceVia,501c,INV586,,,,Assigned,John Smith
MAUNA,4800a,INV551,,,,Assigned,Mabel Lee
Suplient,501c,INV581,,,,Assigned,Jan Nov√°k
phospho,4800a,INV526,,,,Assigned,Navn Navnesen
RemedyBytes,501c,INV524,,,,Assigned,Zhang San
BetterContact,4800a,INV538,,,,Assigned,John Smith
Mozart AI,501c,INV591,,,,Assigned,Mabel Lee
Sƒìve,501c,INV586,,,,Assigned,Jan Nov√°k
EOS EXPORT,325d,INV476,,,,Assigned,Navn Navnesen
Google,4800a,INV507,,,,Assigned,Zhang San
FOTOVOL,501c,INV507,,,,Assigned,John Smith
historian,325d,INV599,,,,Assigned,Mabel Lee
Energy Volunteers,501c,INV460,,,,Assigned,Jan Nov√°k
Finastra,501c,INV518,,,,Assigned,Navn Navnesen
NewCo Corporate Finance,325d,INV568,,,,Assigned,Zhang San
SimFin Analytics GmbH,501c,INV600,,,,Assigned,John Smith
Stealth,4800a,INV522,,,,Assigned,Mabel Lee
Goldman Sachs,4800a,INV446,,,,Assigned,Jan Nov√°k
Code of Alfred,4800a,INV452,,,,Assigned,Navn Navnesen
Tailwarden,4800a,INV556,,,,Assigned,Zhang San
YourTutors,325d,INV513,,,,Assigned,John Smith
Gaea,4800a,INV435,,,,Assigned,Mabel Lee
Blue Ocean Entrepreneurs,501c,INV488,,,,Assigned,Jan Nov√°k
The Cambridge Tutor,325d,INV454,,,,Assigned,Navn Navnesen
HubScape,4800a,INV492,,,,Assigned,Zhang San
Volteras,325d,INV412,,,,Assigned,John Smith
Royal Academy of Engineering,4800a,INV446,,,,Assigned,Mabel Lee
Cap Grandes Ecoles,501c,INV434,,,,Assigned,Jan Nov√°k
Retactic,4800a,INV409,,,,Assigned,Navn Navnesen
R4 Search,501c,INV496,,,,Assigned,Zhang San
CaseSnappy,4800a,INV520,,,,Assigned,John Smith
The Shirt Dandy,501c,INV502,,,,Assigned,Mabel Lee
London Business School,501c,INV559,,,,Assigned,Jan Nov√°k
Pactio,4800a,INV435,,,,Assigned,Navn Navnesen
Granyt,501c,INV552,,,,Assigned,Zhang San
VVS Impact,4800a,INV417,,,,Assigned,John Smith
Fipto,325d,INV529,,,,Assigned,Mabel Lee
Re:Co,325d,INV580,,,,Assigned,Jan Nov√°k
Morgan Stanley,4800a,INV465,,,,Assigned,Navn Navnesen
L'Or√©al,4800a,INV440,,,,Assigned,Zhang San
Rools,501c,INV540,,,,Assigned,John Smith
Pluto (Mon Courtier Digital SAS),325d,INV572,,,,Assigned,Mabel Lee
Cambra de Barcelona,501c,INV454,,,,Assigned,Jan Nov√°k
House Service App,325d,INV547,,,,Assigned,Navn Navnesen
Business Bodhi,4800a,INV492,,,,Assigned,Zhang San
Onventis,4800a,INV412,,,,Assigned,John Smith
Voxee,325d,INV510,,,,Assigned,Mabel Lee
Surfboard,325d,INV447,,,,Assigned,Jan Nov√°k
Jinko,325d,INV561,,,,Assigned,Navn Navnesen
Caerus Accountancy Recruitment,501c,INV411,,,,Assigned,Zhang San
LSC Technologies,4800a,INV408,,,,Assigned,John Smith
novaio consultants,4800a,INV424,,,,Assigned,Mabel Lee
Cobrief,4800a,INV425,,,,Assigned,Jan Nov√°k
zinehub,325d,INV525,,,,Assigned,Navn Navnesen
NCC Group,325d,INV429,,,,Assigned,Zhang San
Culinu,4800a,INV476,,,,Assigned,John Smith
Cactus Rail AB,325d,INV549,,,,Assigned,Mabel Lee
22h22advisor,325d,INV599,,,,Assigned,Jan Nov√°k
Spellz,4800a,INV497,,,,Assigned,Navn Navnesen
Based in,501c,INV516,,,,Assigned,Zhang San
Splore GmbH,4800a,INV432,,,,Assigned,John Smith
Review Collect,325d,INV410,,,,Assigned,Mabel Lee
Dune Street Ventures,4800a,INV430,,,,Assigned,Jan Nov√°k
Phase Space Ltd,325d,INV406,,,,Assigned,Navn Navnesen
DCO2,501c,INV552,,,,Assigned,Zhang San
Lamisscoach¬ÆÔ∏è,4800a,INV434,,,,Assigned,John Smith
Gynger,501c,INV420,,,,Assigned,Mabel Lee
HOOP INDUSTRIES LTD,501c,INV469,,,,Assigned,Jan Nov√°k
Fjordblock,4800a,INV417,,,,Assigned,Navn Navnesen
Ida,325d,INV400,,,,Assigned,Zhang San
Freemote,4800a,INV481,,,,Assigned,John Smith
ACUA Ocean,501c,INV588,,,,Assigned,Mabel Lee
DutyFinland,501c,INV485,,,,Assigned,Jan Nov√°k
DeltaFact ApS,501c,INV539,,,,Assigned,Navn Navnesen
Honest Food Talks,4800a,INV506,,,,Assigned,Zhang San
Buoy,501c,INV530,,,,Assigned,John Smith
Savy Wellness,4800a,INV470,,,,Assigned,Mabel Lee
HyLight,325d,INV487,,,,Assigned,Jan Nov√°k
YIELD STUDIO,4800a,INV525,,,,Assigned,Navn Navnesen
Rentopia,501c,INV498,,,,Assigned,Zhang San
Debtist,4800a,INV445,,,,Assigned,John Smith
Enodo Robotics,4800a,INV404,,,,Assigned,Mabel Lee
Digital Industrial Modules - DIM,325d,INV529,,,,Assigned,Jan Nov√°k
Travel Differently Ltd,4800a,INV506,,,,Assigned,Navn Navnesen
Avolta Partners,4800a,INV558,,,,Assigned,Zhang San
Women Empowering Defence,4800a,INV416,,,,Assigned,John Smith
World Economic Forum,4800a,INV429,,,,Assigned,Mabel Lee
Envar Entertainment,4800a,INV555,,,,Assigned,Jan Nov√°k
AAWE,4800a,INV457,,,,Assigned,Navn Navnesen
Angelize,501c,INV596,,,,Assigned,Zhang San
Voltz Labs,4800a,INV443,,,,Assigned,John Smith
Fact&Fiction Marketing,325d,INV401,,,,Assigned,Mabel Lee
4Elements,4800a,INV458,,,,Assigned,Jan Nov√°k
Datapalooza,4800a,INV482,,,,Assigned,Navn Navnesen
Founders Running Club,4800a,INV484,,,,Assigned,Zhang San
art for our sea,4800a,INV558,,,,Assigned,John Smith
Spot,325d,INV562,,,,Assigned,Mabel Lee
ICBRG,325d,INV405,,,,Assigned,Jan Nov√°k
HENSOLDT Analytics,501c,INV593,,,,Assigned,Navn Navnesen
On The Mend,501c,INV587,,,,Assigned,Zhang San
Koodip√∂ll√∂,325d,INV416,,,,Assigned,John Smith
TravelTail,325d,INV400,,,,Assigned,Mabel Lee
Kidigeek ,501c,INV540,,,,Assigned,Jan Nov√°k
Housefolk,501c,INV447,,,,Assigned,Navn Navnesen
Verdn (YC W22),325d,INV475,,,,Assigned,Zhang San
Primo,501c,INV458,,,,Assigned,John Smith
GlobalComix,501c,INV401,,,,Assigned,Mabel Lee
MAIKERS INSTITUTE,4800a,INV545,,,,Assigned,Jan Nov√°k
Koodip√∂ll√∂,501c,INV587,,,,Assigned,Navn Navnesen
Bright Star Studios,325d,INV576,,,,Assigned,Zhang San
Observe Technologies,325d,INV411,,,,Assigned,John Smith
Prisma Advisory,325d,INV553,,,,Assigned,Mabel Lee
Morgan Stanley,501c,INV482,,,,Assigned,Jan Nov√°k
Shapemaker,4800a,INV538,,,,Assigned,Navn Navnesen
Heartpace,4800a,INV463,,,,Assigned,Zhang San
Pennine Capital,325d,INV515,,,,Assigned,John Smith
Projet Sens,501c,INV417,,,,Assigned,Mabel Lee
Hanki.app,501c,INV563,,,,Assigned,Jan Nov√°k
Faved,501c,INV532,,,,Assigned,Navn Navnesen
Entrepreneur First,325d,INV406,,,,Assigned,Zhang San
Astris,325d,INV411,,,,Assigned,John Smith
eterlast,325d,INV597,,,,Assigned,Mabel Lee
Code Anyway (Techstars '23),4800a,INV451,,,,Assigned,Jan Nov√°k
Connecting Humans,4800a,INV505,,,,Assigned,Navn Navnesen
Trezo,501c,INV460,,,,Assigned,Zhang San
NIKITO Parks,4800a,INV424,,,,Assigned,John Smith
Osol,4800a,INV581,,,,Assigned,Mabel Lee
Klineo,4800a,INV492,,,,Assigned,Jan Nov√°k
FuzeQube Group,501c,INV418,,,,Assigned,Navn Navnesen
Capgemini Engineering,325d,INV400,,,,Assigned,Zhang San
Core Padel,325d,INV473,,,,Assigned,John Smith
Enablment,4800a,INV460,,,,Assigned,Mabel Lee
Orus Energy,4800a,INV572,,,,Assigned,Jan Nov√°k
CERPRO GmbH,4800a,INV559,,,,Assigned,Navn Navnesen
Superagent,4800a,INV580,,,,Assigned,Zhang San
Alpaca Leads,501c,INV449,,,,Assigned,John Smith
Eurekia,325d,INV560,,,,Assigned,Mabel Lee
Africa United Corporation,501c,INV449,,,,Assigned,Jan Nov√°k
Dermae,4800a,INV459,,,,Assigned,Navn Navnesen
Entrepreneur First,501c,INV596,,,,Assigned,Zhang San
Inova IT,4800a,INV445,,,,Assigned,John Smith
UK Storage Company,4800a,INV470,,,,Assigned,Mabel Lee
Soupir,325d,INV579,,,,Assigned,Jan Nov√°k
dema.ai,325d,INV453,,,,Assigned,Navn Navnesen
Oda,4800a,INV584,,,,Assigned,Zhang San
Guida,501c,INV448,,,,Assigned,John Smith
Lavender Ventures,4800a,INV436,,,,Assigned,Mabel Lee
Children's Investment Fund Foundation (CIFF),501c,INV538,,,,Assigned,Jan Nov√°k
Lazazu,4800a,INV415,,,,Assigned,Navn Navnesen
EVRYONE GROUP,501c,INV520,,,,Assigned,Zhang San
RESTORE (Restored Land Ltd.),501c,INV479,,,,Assigned,John Smith
EnsiliTech,4800a,INV484,,,,Assigned,Mabel Lee
We Sit,4800a,INV414,,,,Assigned,Jan Nov√°k
BeyondMath,4800a,INV426,,,,Assigned,Navn Navnesen
Hermaid,325d,INV512,,,,Assigned,Zhang San
Qogita,325d,INV466,,,,Assigned,John Smith
Claret Capital Partners,4800a,INV509,,,,Assigned,Mabel Lee
Umain,501c,INV470,,,,Assigned,Jan Nov√°k
kalm*,501c,INV517,,,,Assigned,Navn Navnesen
PXL AS,4800a,INV432,,,,Assigned,Zhang San
Sauce Soft,4800a,INV447,,,,Assigned,John Smith
PaxPays,501c,INV587,,,,Assigned,Mabel Lee
FractalMind AI,4800a,INV420,,,,Assigned,Jan Nov√°k
Ednia,501c,INV556,,,,Assigned,Navn Navnesen
HypeData,501c,INV442,,,,Assigned,Zhang San
Modelup,325d,INV542,,,,Assigned,John Smith
FoundXR,501c,INV441,,,,Assigned,Mabel Lee
AISFOR_____,4800a,INV524,,,,Assigned,Jan Nov√°k
Exponential View,4800a,INV484,,,,Assigned,Navn Navnesen
61N,501c,INV509,,,,Assigned,Zhang San
Nullure,4800a,INV433,,,,Assigned,John Smith
Zaptec,4800a,INV520,,,,Assigned,Mabel Lee
BSKManagement,501c,INV407,,,,Assigned,Jan Nov√°k
MediTechLabs,325d,INV599,,,,Assigned,Navn Navnesen
Anker,501c,INV508,,,,Assigned,Zhang San
SAFE AI NOW,501c,INV527,,,,Assigned,John Smith
Position Green,325d,INV560,,,,Assigned,Mabel Lee
Ted's Health,325d,INV522,,,,Assigned,Jan Nov√°k
ToutatiX,501c,INV542,,,,Assigned,Navn Navnesen
Orange Cyberdefense,4800a,INV442,,,,Assigned,Zhang San
Zing Cover,501c,INV506,,,,Assigned,John Smith
BONI,325d,INV470,,,,Assigned,Mabel Lee
THE AIGENCY,4800a,INV475,,,,Assigned,Jan Nov√°k
Ideen-Butze¬©,4800a,INV560,,,,Assigned,Navn Navnesen
Juoksut,325d,INV492,,,,Assigned,Zhang San
Resolve Sec,501c,INV508,,,,Assigned,John Smith
EI Solutions AS,4800a,INV471,,,,Assigned,Mabel Lee
Intergrid,501c,INV564,,,,Assigned,Jan Nov√°k
Entrepreneur First,4800a,INV434,,,,Assigned,Navn Navnesen
Roel Conseil,4800a,INV545,,,,Assigned,Zhang San
Infinity,501c,INV536,,,,Assigned,John Smith
Mr. Quick Cocktails,325d,INV442,,,,Assigned,Mabel Lee
Leasi,501c,INV449,,,,Assigned,Jan Nov√°k
Maria Chietera: Mindfulness & Coaching,4800a,INV502,,,,Assigned,Navn Navnesen
Locaria,325d,INV429,,,,Assigned,Zhang San
Mirador Insight,4800a,INV546,,,,Assigned,John Smith
Seafields Solutions Limited,325d,INV450,,,,Assigned,Mabel Lee
Lagom,501c,INV572,,,,Assigned,Jan Nov√°k
Projet de jeu,501c,INV522,,,,Assigned,Navn Navnesen
Segenious Finance,501c,INV419,,,,Assigned,Zhang San
CyberWomen Groups C.I.C.,325d,INV562,,,,Assigned,John Smith
Pitod,4800a,INV437,,,,Assigned,Mabel Lee
Malt,4800a,INV450,,,,Assigned,Jan Nov√°k
SLASHPLAY,4800a,INV404,,,,Assigned,Navn Navnesen
Beautiful Places AI,325d,INV408,,,,Assigned,Zhang San
Akeo Capital Management,4800a,INV508,,,,Assigned,John Smith
Diabolo,4800a,INV434,,,,Assigned,Mabel Lee
Bonne table,4800a,INV471,,,,Assigned,Jan Nov√°k
FairCare GmbH,325d,INV548,,,,Assigned,Navn Navnesen
Klark,4800a,INV522,,,,Assigned,Zhang San
Xquire,501c,INV420,,,,Assigned,John Smith
DeltaFact ApS,501c,INV432,,,,Assigned,Mabel Lee
AutogenAI,4800a,INV449,,,,Assigned,Jan Nov√°k
Norlab.ai,325d,INV543,,,,Assigned,Navn Navnesen
Tango,4800a,INV469,,,,Assigned,Zhang San
Apples,4800a,INV482,,,,Assigned,John Smith
EasyPlay,501c,INV426,,,,Assigned,Mabel Lee
hypesetters,4800a,INV595,,,,Assigned,Jan Nov√°k
Residenture,501c,INV558,,,,Assigned,Navn Navnesen
Monsevo,4800a,INV560,,,,Assigned,Zhang San
Flatpay,4800a,INV510,,,,Assigned,John Smith
Nordic Impact Lab,4800a,INV505,,,,Assigned,Mabel Lee
Cambridge Intelligence,325d,INV482,,,,Assigned,Jan Nov√°k
University of Leicester,325d,INV439,,,,Assigned,Navn Navnesen
Letio,4800a,INV473,,,,Assigned,Zhang San
Contorion,325d,INV446,,,,Assigned,John Smith
Intra Drive Ltd,4800a,INV523,,,,Assigned,Mabel Lee
Tjommi,325d,INV407,,,,Assigned,Jan Nov√°k
Skein,4800a,INV429,,,,Assigned,Navn Navnesen
MENGEL,501c,INV500,,,,Assigned,Zhang San
Visit Group,501c,INV520,,,,Assigned,John Smith
Outlier Ventures,4800a,INV473,,,,Assigned,Mabel Lee
Your Speech Factory,325d,INV490,,,,Assigned,Jan Nov√°k
Grecos,501c,INV408,,,,Assigned,Navn Navnesen
Capgemini,4800a,INV423,,,,Assigned,Zhang San
RIB Software,325d,INV469,,,,Assigned,John Smith
CourtierTech.com ,325d,INV523,,,,Assigned,Mabel Lee
Temple,501c,INV465,,,,Assigned,Jan Nov√°k
Vouch,4800a,INV474,,,,Assigned,Navn Navnesen
Bloomberg LP,325d,INV432,,,,Assigned,Zhang San
AIDETIC,325d,INV463,,,,Assigned,John Smith
Oral Pr√©pa,4800a,INV476,,,,Assigned,Mabel Lee
Impact Imagery,325d,INV450,,,,Assigned,Jan Nov√°k
Wavyr,325d,INV571,,,,Assigned,Navn Navnesen
Entrepreneur First,325d,INV530,,,,Assigned,Zhang San
Nasutech,501c,INV475,,,,Assigned,John Smith
Lucas Holm,4800a,INV424,,,,Assigned,Mabel Lee
Coiniverse,501c,INV595,,,,Assigned,Jan Nov√°k
Briif,325d,INV426,,,,Assigned,Navn Navnesen
Taivasalla,4800a,INV580,,,,Assigned,Zhang San
Mile End Institute,501c,INV482,,,,Assigned,John Smith
Entrepreneur First,325d,INV503,,,,Assigned,Mabel Lee
natify agency,4800a,INV500,,,,Assigned,Jan Nov√°k
Neostratup,501c,INV497,,,,Assigned,Navn Navnesen
Cerco AS,501c,INV558,,,,Assigned,Zhang San
Glede,4800a,INV461,,,,Assigned,John Smith
BCause,4800a,INV461,,,,Assigned,Mabel Lee
Entracte,501c,INV446,,,,Assigned,Jan Nov√°k
Market Shriek,325d,INV508,,,,Assigned,Navn Navnesen
Bright Blu Dot,501c,INV547,,,,Assigned,Zhang San
Quarterback,4800a,INV596,,,,Assigned,John Smith
Byteso,325d,INV567,,,,Assigned,Mabel Lee
FD Technologies,4800a,INV589,,,,Assigned,Jan Nov√°k
University of South-Eastern Norway,325d,INV524,,,,Assigned,Navn Navnesen
Cambridge Artificial Intelligence Studios,501c,INV595,,,,Assigned,Zhang San
Chlo√© Blanc Consulting,325d,INV525,,,,Assigned,John Smith
University of Cambridge,325d,INV423,,,,Assigned,Mabel Lee
eComID,325d,INV436,,,,Assigned,Jan Nov√°k
Hargrave Succession Partners,501c,INV474,,,,Assigned,Navn Navnesen
Your Sustainable Friend,325d,INV448,,,,Assigned,Zhang San
Salssy,501c,INV579,,,,Assigned,John Smith
Optima Nanomed Limited,501c,INV564,,,,Assigned,Mabel Lee
B3 Secure,325d,INV600,,,,Assigned,Jan Nov√°k
APPARO,501c,INV534,,,,Assigned,Navn Navnesen
B. CAPITOL PARTNERS,501c,INV441,,,,Assigned,Zhang San
Gousto,325d,INV452,,,,Assigned,John Smith
Clextral,4800a,INV409,,,,Assigned,Mabel Lee
WILLA,501c,INV543,,,,Assigned,Jan Nov√°k
EV inFocus,325d,INV516,,,,Assigned,Navn Navnesen
Manerty,4800a,INV466,,,,Assigned,Zhang San
Borrowed Soul Studio,4800a,INV561,,,,Assigned,John Smith
Entrepreneur First,501c,INV564,,,,Assigned,Mabel Lee
Maison Gabia,501c,INV565,,,,Assigned,Jan Nov√°k
Motomic,501c,INV491,,,,Assigned,Navn Navnesen
Reshot AI,325d,INV414,,,,Assigned,Zhang San
THE SQUAD,325d,INV440,,,,Assigned,John Smith
Accenture,4800a,INV408,,,,Assigned,Mabel Lee
KAIKAKU,325d,INV538,,,,Assigned,Jan Nov√°k
Barclays UK,501c,INV448,,,,Assigned,Navn Navnesen
Electryone AI,325d,INV461,,,,Assigned,Zhang San
Heraklio,501c,INV486,,,,Assigned,John Smith
Tacit Legal,4800a,INV506,,,,Assigned,Mabel Lee
Sphaira Innovation,501c,INV486,,,,Assigned,Jan Nov√°k
Pistachio,501c,INV467,,,,Assigned,Navn Navnesen
Composo.ai,501c,INV464,,,,Assigned,Zhang San
Exercio,501c,INV502,,,,Assigned,John Smith
TrendMover,501c,INV537,,,,Assigned,Mabel Lee
Adiuvo Energy,4800a,INV551,,,,Assigned,Jan Nov√°k
Stackly,325d,INV459,,,,Assigned,Navn Navnesen
Greenscope,4800a,INV586,,,,Assigned,Zhang San
Mint Consulting Services,325d,INV533,,,,Assigned,John Smith
Beavr ,325d,INV531,,,,Assigned,Mabel Lee
STATION F,501c,INV511,,,,Assigned,Jan Nov√°k
Founders Bay,501c,INV409,,,,Assigned,Navn Navnesen
NHS,501c,INV456,,,,Assigned,Zhang San
Frameworks AS,4800a,INV491,,,,Assigned,John Smith
Beam,4800a,INV571,,,,Assigned,Mabel Lee
Femcare,325d,INV567,,,,Assigned,Jan Nov√°k
LAURE FRI√àS ARCHITECTURE,4800a,INV481,,,,Assigned,Navn Navnesen
Allectus,501c,INV535,,,,Assigned,Zhang San
ANYHOW,4800a,INV555,,,,Assigned,John Smith
Embrace Neurodiversity Ltd,4800a,INV484,,,,Assigned,Mabel Lee
SpiritMe,325d,INV506,,,,Assigned,Jan Nov√°k
The Sutton Trust,325d,INV509,,,,Assigned,Navn Navnesen
Intergrid,501c,INV424,,,,Assigned,Zhang San
Sensible,501c,INV556,,,,Assigned,John Smith
Coiniverse,325d,INV583,,,,Assigned,Mabel Lee
plusserver,4800a,INV563,,,,Assigned,Jan Nov√°k
TXS Digital,4800a,INV553,,,,Assigned,Navn Navnesen
Katalyz,4800a,INV424,,,,Assigned,Zhang San
Gritera,325d,INV531,,,,Assigned,John Smith
Andragogy,4800a,INV415,,,,Assigned,Mabel Lee
Trustle,501c,INV417,,,,Assigned,Jan Nov√°k
JAKALA,501c,INV441,,,,Assigned,Navn Navnesen
CMi2i,4800a,INV432,,,,Assigned,Zhang San
Get Influence - Viral TikTok UGC,501c,INV405,,,,Assigned,John Smith
Tensoriel,4800a,INV445,,,,Assigned,Mabel Lee
Flatpay,4800a,INV528,,,,Assigned,Jan Nov√°k
Feast ,4800a,INV546,,,,Assigned,Navn Navnesen
Ceviant Finance ,501c,INV554,,,,Assigned,Zhang San
About Tomorrow,4800a,INV598,,,,Assigned,John Smith
Horizom | Le bambou au service de la transition üå±,325d,INV448,,,,Assigned,Mabel Lee
Kabn Company,4800a,INV407,,,,Assigned,Jan Nov√°k
Bonx,501c,INV515,,,,Assigned,Navn Navnesen
NS2L & ASSOCIES,325d,INV585,,,,Assigned,Zhang San
Immocompare,4800a,INV594,,,,Assigned,John Smith
Amphi Botanicals,4800a,INV540,,,,Assigned,Mabel Lee
docTeller,501c,INV489,,,,Assigned,Jan Nov√°k
Kyros agency,325d,INV470,,,,Assigned,Navn Navnesen
Dr.Dropin,501c,INV538,,,,Assigned,Zhang San
PRONOE,325d,INV481,,,,Assigned,John Smith
The Oxbridge Tutor Company ,325d,INV421,,,,Assigned,Mabel Lee
Orus Energy,501c,INV520,,,,Assigned,Jan Nov√°k
House of Emirates,501c,INV501,,,,Assigned,Navn Navnesen
Aurezzi,325d,INV526,,,,Assigned,Zhang San
The Spark,501c,INV469,,,,Assigned,John Smith
TECHKARE,4800a,INV561,,,,Assigned,Mabel Lee
Humus Tourism Consultancy & Development,501c,INV509,,,,Assigned,Jan Nov√°k
engraph,325d,INV460,,,,Assigned,Navn Navnesen
Appera AS,4800a,INV487,,,,Assigned,Zhang San
Dynemia,501c,INV440,,,,Assigned,John Smith
FollowInvest,4800a,INV598,,,,Assigned,Mabel Lee
Paradox Interactive,4800a,INV470,,,,Assigned,Jan Nov√°k
Coaching Ultra,325d,INV439,,,,Assigned,Navn Navnesen
Riverse,325d,INV504,,,,Assigned,Zhang San
Smart Bees,4800a,INV526,,,,Assigned,John Smith
GlucoFit GmbH,4800a,INV517,,,,Assigned,Mabel Lee
Ignota Labs,325d,INV406,,,,Assigned,Jan Nov√°k
Datapay,4800a,INV437,,,,Assigned,Navn Navnesen
Invicta Pharma Investments,4800a,INV546,,,,Assigned,Zhang San
MAIKERS INSTITUTE,501c,INV483,,,,Assigned,John Smith
Structuraize,4800a,INV551,,,,Assigned,Mabel Lee
JUST,4800a,INV531,,,,Assigned,Jan Nov√°k
Stratosphere,325d,INV402,,,,Assigned,Navn Navnesen
TapeNology,325d,INV519,,,,Assigned,Zhang San
Qriptal,325d,INV459,,,,Assigned,John Smith
Valo Security,4800a,INV486,,,,Assigned,Mabel Lee
Togggle,4800a,INV478,,,,Assigned,Jan Nov√°k
My Intelligent Health Ltd,4800a,INV563,,,,Assigned,Navn Navnesen
beautyfood,4800a,INV430,,,,Assigned,Zhang San
LADAPT,325d,INV479,,,,Assigned,John Smith
Scrypt Solutions Ltd,325d,INV442,,,,Assigned,Mabel Lee
Tailwind Biotech,501c,INV531,,,,Assigned,Jan Nov√°k
Norma BI,501c,INV550,,,,Assigned,Navn Navnesen
Avoyes,501c,INV485,,,,Assigned,Zhang San
EU4UA.org,4800a,INV580,,,,Assigned,John Smith
adidas,501c,INV426,,,,Assigned,Mabel Lee
Dubai Future District Fund,325d,INV591,,,,Assigned,Jan Nov√°k
Pave,325d,INV425,,,,Assigned,Navn Navnesen
Qurrent,501c,INV578,,,,Assigned,Zhang San
Buildtivity,4800a,INV536,,,,Assigned,John Smith
Neon4Business,501c,INV541,,,,Assigned,Mabel Lee
Hanna Larsson,501c,INV438,,,,Assigned,Jan Nov√°k
INDU.cloud,325d,INV498,,,,Assigned,Navn Navnesen
Viatera,325d,INV438,,,,Assigned,Zhang San
Kobble,501c,INV565,,,,Assigned,John Smith
DRAUP,325d,INV451,,,,Assigned,Mabel Lee
The Real Estate Investment Academy (REIA),501c,INV444,,,,Assigned,Jan Nov√°k
Cloudilic,325d,INV512,,,,Assigned,Navn Navnesen
Aara,501c,INV498,,,,Assigned,Zhang San
Huscle,325d,INV527,,,,Assigned,John Smith
ACRE,501c,INV474,,,,Assigned,Mabel Lee
Tracebit,325d,INV459,,,,Assigned,Jan Nov√°k
Glasgow Caledonian University,325d,INV493,,,,Assigned,Navn Navnesen
Juvetti,4800a,INV449,,,,Assigned,Zhang San
DeQuantifi,4800a,INV503,,,,Assigned,John Smith
P1 Security,501c,INV442,,,,Assigned,Mabel Lee
Warwickshire Walking Tours,325d,INV431,,,,Assigned,Jan Nov√°k
TiM - Talent in Motion,4800a,INV521,,,,Assigned,Navn Navnesen
CSKeisari,325d,INV418,,,,Assigned,Zhang San
Exercio,501c,INV562,,,,Assigned,John Smith
Ogma,4800a,INV540,,,,Assigned,Mabel Lee
TeeGo,4800a,INV523,,,,Assigned,Jan Nov√°k
Swipet,4800a,INV547,,,,Assigned,Navn Navnesen
AutoUncle,325d,INV407,,,,Assigned,Zhang San
O√úA,4800a,INV579,,,,Assigned,John Smith
EY,4800a,INV563,,,,Assigned,Mabel Lee
Necense,4800a,INV569,,,,Assigned,Jan Nov√°k
Oqula,325d,INV530,,,,Assigned,Navn Navnesen
Skill & Reach,4800a,INV571,,,,Assigned,Zhang San
Stealth Startup,4800a,INV435,,,,Assigned,John Smith
LIFE Lebanon,501c,INV474,,,,Assigned,Mabel Lee
Bryn Taylor,501c,INV572,,,,Assigned,Jan Nov√°k
Halter Group B.V.,4800a,INV543,,,,Assigned,Navn Navnesen
Akacia,325d,INV565,,,,Assigned,Zhang San
Kintsukuroi Wellbeing,501c,INV486,,,,Assigned,John Smith
Huzar & Pujol Transactions,501c,INV441,,,,Assigned,Mabel Lee
